"Timestamp","Name","Email","Dependencies representation","Please justify your answer","Code smells representation","Please justify your answer","Concerns representation ","Please justify  your answer","Code elements (Classes, interface)  representation","Please justify  your answer","Did you miss any useful information for identifying design problems in the provided visualizations? Please give examples.","Did you find any additional opportunities for improving the visualization? Please provide details."
"2018/01/27 5:06:26 PM GMT-3","Josmario","jas@ic.ufal.br","Strongly Agree","Dependencies between classes, classes with concern, types of dependencies, elements' names (elements with any issue)","Strongly Agree","Types of code smells, description, element","Strongly Agree","The concerns were well represented.","Agree","Overall, classes and interface were well represented. However, the visualization could be improved by differentiating one from another.","No.","No."
"2018/01/27 6:50:31 PM GMT-3","Caio Barbosa Vieira da Silva","cbvs@ic.ufal.br","Neutral","Algumas informações estavam inconsistentes","Strongly Disagree","Não concordo com boa parte dos smells apresentados.","Agree","Representou bem","Neutral","Algumas informações estavam inconsistentes","Sim, o nome das relações (linhas) poderia estar evidente na visualização.","Mostrar o trecho de código num link para a pessoa não ter que ir procurar no Eclipse."
"2018/01/27 7:09:56 PM GMT-3","Anderson Santos da Silva","andersonfarin@gmail.com","Agree","Ajudou a obter uma representação simples dos problemas no código.","Agree","Gostei da descrição e indicação do code smell através do método da classe, porém senti falta do campo razão que não encontrei informação em nenhum dos casos.","Neutral","Poderia ser visualizado apenas nas outras abas.","Agree","A representação está um pouco dispersa entre as abas.","Mas informações que evitem a constante transição entre as abas.","Mais resumo de informações na visualização dos grafos."
"2018/01/29 11:57:56 AM GMT-3","Anderson Oliveira","anderson.jose.so@gmail.com","Agree","Dependências bem representadas no grafo. Ajudam a identificar como as classes estão interdependentes.","Agree","A descrição do smell afetando o componente auxilia a encontrar o problema de design.","Disagree","Ficou confuso a definição dos concerns no final do sumário.","Agree","A representação das classes no grafo é clara.","Não.","Definir melhor os concerns, e habilitar um text box para cada smell definido, assim o usuário pode comentar sobre ele mais facilmente, ou então concordar ou discordar do que é descrito."
"2018/01/29 12:01:47 PM GMT-3","Leonardo da Silva Sousa","ssousaleo@gmail.com","Agree","As dependências foram bem representadas na maioria das vezes. A visualização baseada em grafos tem diferentes tipos de representação para cada tipo de dependência, logo isso ajudou. Entretanto, teve algumas aglomerações que não havia dependência entre elas, o que é um pouco estranho. Se as classes estão em uma aglomeração, era pra ter dependência entre essas classes, mas teve algumas aglomerações que não tinha essas dependências.","Strongly Agree","A representação mais útil foi a dos code smells, embora eu tenha usado mais a parte textual onde se explica cada smell, ainda assim foi importante ver cada smell afetando cada classe.","Agree","Representar os concerns como texto ajudou, entretanto teria ajudado mais se pudessemos ver os concerns na aglomeração também, do mesmo jeito que vimos os smells.","Neutral","a representação é neutral, não ajudou muito, mas também não atrapalhou.","Sim, seria bom se tivesse mais claro quais são os métodos que implementam cada concern. Assim seria mais fácil relacionar os smells afetando o método, com o concern sendo implementado no método anômalo.","Sim, como mencionado anteriormente, seria bom ter uma representação visual dos concerns na aglomeração também. Isso é importante porque tem uma aglomeração baseada em concerns, logo é necessário ter que representar os concerns. A visualiazação do grafo ajudou ao apresentar como duas classes estão relacionadas via o relacionamento do concern, mas seria bom também dizer qual é o concern do relacionamento."
"2018/01/29 10:30:17 PM GMT-3","Daniel Borges Ferreira da Silva","dbfs@ic.ufal.br","Agree","Em alguns casos consegui identificar os problemas, principalmente os problemas de concern-overload, mas os outros tipos de aglomeração não consegui identificar pelo grafo.","Strongly Agree","Os code smells são melhores apresentados nessa visualização, pois apresentam cada smell separadamente, mostrando a classe na qual está contido o smell.","Disagree","Mal utilizei esta representação para identificar os problemas de design.","Neutral","Foquei principalmente na visualização dos smells. As representações de elementos de códigos ""passou batido"" e procurei ir direto à fonte do problema (smells).","Sim, em uma das aglomerações onde haviam várias heranças não me passou pela cabeça que visualizar as heranças poderia me mostrar um problema de design (God Class), apenas o identifiquei na visualização de smells.","Sim, a visualização de concerns poderia ser melhorada para dar uma ênfase maior nessa parte da identificação de problemas."
"2018/01/31 7:07:08 PM GMT-3","Isabella Vieira Ferreira","isabellavieira57@gmail.com","Strongly Agree","As dependências ajudaram muito a ver as relações entre as classes, principalmente no caso de herança.","Agree","Os code smells foram bastante uteis. Porem era necessario rolar a pagina para baixo para ver a descricao e o elemento afetado por cada code smell e isso atrapalhava por nao poder ver a visualização e o elemento smelly afetado ao mesmo tempo.","Disagree","Os concerns não me ajudaram muito. Nos componentes avaliados, praticamente todas as classes envolvidas estavam envolvidos no concern principal. Alem disso, a disposiçao do texto não facilitou a leitura.","Agree","A visualização ficou bem intuitiva para quem ja conhece grafos. Porem uma legenda e necessaria. Por exemplo, eu tive que buscar na memoria o que as relacoes (linha pontilhada, linha continua, ...) significavam.","Nao","Colocar a disposição dos code smells e dos concerns de uma forma que seja possivel ver a visualizacao do grafo ao mesmo tempo em que vemos as informacoes detalhadas. Melhorar a visualização dos concerns. "
"2018/02/01 5:37:06 PM GMT-3","Daniel Tenorio Martins de Oliveira","danieltmo3@gmail.com","Agree","Em geral as dependências estavam boas, entretanto senti falta da relação indicando ser uni ou bi lateral, 1...n, 0..1 e etc.","Neutral","Alguns code smells não faziam tanto sentido e senti falta de uns bem mais óbvios.","Neutral","Achei que ajudou muito pouco, o texto é confuso e pouco autoexplicativo.","Agree","Senti que faltou alguma representações para dar um maior sentido ao contexto, mas as que estavam representavam o centro da aglomeração.","Todas as observações ja foram ditas nos itens anteriores.","Todas as observações ja foram ditas nos itens anteriores."
"2018/02/01 6:05:16 PM GMT-3","Jairo Souza","jrmcs@ic.ufal.br","Agree","Bem apresentável. Só faltou a direcionalidade de alguns relacionamentos.","Strongly Agree","Representação clara dos conceitos.","Agree","Mostrar/Definir os concerns para o usuário?","Strongly Agree","Ajuda a encontrar as classes no código fonte.","Colocar a direcionalidade de alguns relacionamentos em aglomerações","No grafo das aglomerações somente são apresentadas um smell, porém algumas classes possuem mais que um smell. Portanto, esse smell apresentado é o mais relevante? Isso não ficou claro."
"2018/02/01 11:49:33 PM GMT-3","Willian Oizumi","oizumi.willian@gmail.com","Agree","- Each graph relationship should have information about the direction. This would help us to know which node is the dependent and which is the provider.","Neutral","The visualization should summarize the number of smells occurring in each node. Only looking at the graph I believed that there were only one smell per node.","Disagree","The visualization of concern-based relationships is somehow confusing. It gives the impression that there is only one concern connecting all code elements. Since the code elements of the concern-based agglomeration are located in the same component, I don't think it is helpul to show the main concern with relationships in the graph. It would be more interesting to focus in secondary concerns.","Agree","For an overview, the graph-based representation is good. However, it would be nice to represent more information about each class/interface.","Navigation from visualization to source code is mandatory to help us in confirming or refusing a possible design problem. Code smells that involve many elements should receive more attention in the visualization. It would be much more useful to know details about each code smell.","Yes. I provided the suggestions in previous responses."
"2018/02/02 9:22:44 AM GMT-3","Ana Carla Bibiano","ana.carlagb@gmail.com","Agree","Ajudou, porém falta informações como dependências 1 para n, 1 para 1. ","Agree","Ajudou, porém é muito texto e não diz quais são os elementos de códigos envolvidos por completo. Por exemplo: Feature Envy, não diz que é o elemento de código ""invejado"". ","Strongly Disagree","Essa foi a pior representação, não ajudou nada, no texto não dá para saber quais são as concerns de fato, deveria ter alguma informação mesmo que extraída de comentário ou javadoc. ","Agree","Ajudou bastante, pois indicava o nome das classes que estavam os code smells. ","Dependency:  falta informações como dependências 1 para n, 1 para 1. 
Concern: deveria ter alguma informação mesmo que extraída de comentário ou javadoc.
Code smells: falta informação  dos elementos de códigos envolvidos por completo. Por exemplo: Feature Envy, não diz que é o elemento de código ""invejado"".  ","Dependency:  falta informações como dependências 1 para n, 1 para 1. 
Concern: deveria ter alguma informação mesmo que extraída de comentário ou javadoc.
Code smells: falta informação  dos elementos de códigos envolvidos por completo. Por exemplo: Feature Envy, não diz que é o elemento de código ""invejado"". "
"2018/02/02 11:12:39 AM GMT-3","Anderson Gonçalves Uchôa","andersonguchoa@gmail.com","Agree","Achei que a diferença entre, associação, dependência e concern foi bom. Mas ainda sinto falta da uma legenda na visualização para elas. Sem o tutorial não fica totalmente claro o que elas representam","Agree","Os smells são mostrados como tooltips em cima de cada component, são compreensíveis. ","Agree","No concern, acredito que as cores poderiam ser utilizada para representar concerns diferentes. Na versão atual só é utilizada uma única cor. Para saber que tem diferentes concerns envolvidos é necessário ir em outras seções do sistema.","Neutral","Não ficou intuitivo a diferença entre classes e interfaces. Acredito que o retângulo ao redor do nome das classes ou interfaces poderia ser pontilhado para representar interfaces por exemplo.","Acho que as informações do sumario juntamente com as informações são bom indicativos para os problemas de design.","Sim, acabei respondendo nas questões anteriores"
"2018/02/02 3:08:22 PM GMT-3","Filipe Falcão","filipebatista@ic.ufal.br","Strongly Agree","Foi bastante útil para verificar smells diretamente ou indiretamente relacionados a dependências.","Strongly Agree","Achei bastante útil, principalmente por trazer a definição deles. No entanto, percebi que vários code smells presentes na lista não apareciam no grafo. Não sei se foi intencional, mas pude perceber isso e me deixou um pouco confuso.","Agree","Foi útil para perceber que em alguns momentos várias classes estavam relacionadas a um concern.","Strongly Agree","Foi útil para perceber as dependências entre estruturas. No entanto, talvez uma descrição da relação entre duas estruturas quando colocasse o mouse por cima da seta/linha seria interessante, visando deixar mais evidente.","Não.","Adicionar uma descrição da relação entre duas estruturas quando colocasse o mouse por cima da seta/linha seria interessante, visando deixar mais evidente. Além disso, é chato ter que sempre organizar inicialmente os grafos maiores. Seria interessante que o grafo já fosse inicialmente apresentado em uma visualização ""ótima""."
"2018/02/02 3:13:24 PM GMT-3","Diego","diego.cedrim@gmail.com","Strongly Agree","As dependências são apresentadas de forma similar a UML (herança e implementação de interface, e associação). Acho que isso facilita o entendimento. ","Disagree","A lista é mais esclarecedora que a representação no grafo. Acho que seria legal se a representação do grafo contivesse os métodos que estão com smell. Algo parecido com a representação de classe da UML, só que marcando os métodos com smell, facilitando a visualização e, quem sabe, a relação entre eles.","Strongly Disagree","A representação no grafo é pouco esclarecedora porque mesmo que exista mais de um concern envolvendo as classes, todos eles são representados pela mesma seta da mesma cor. A visualização dá a ideia de que é um mesmo concern, o que nem sempre é verdade.

A lista de concerns também ajuda pouco, pois não dá nenhuma evidência de qual concern estamos tratando. Se existisse pelo menos um conjunto de palavras-chave associado a cada concern (ao invés de primário ou secundário), o desenvolvedor poderia encontrar o trecho de código que implementa os concerns mais rapidamente. Aumentando a chance de encontrar problemas de design.","Agree","A apresentação apenas do nome é interessante em alguns casos, pois deixa a visualização menos poluída. Porém, acho que essa visualização poderia ser estendida para apresentar alguns métodos importantes para tomada de decisão. Por exemplo, métodos com muitos smells.","1 - Representação de mais de um concern no grafo (usando cores diferentes, por exemplo)
2 - Indicação de qual concern é implementado pelo grupo de classes. Como os concerns foram extraídos automaticamente (imagino que pelo Malet), deve existir um conjunto de keywords que o algoritmo levou em conta para decidir qual concern está sendo implementado em cada linha de código. Será que não daria pra usar essa lista para indicar qual concern está sendo considerado? Apresentar apenas concern primário ou secundário não é muito esclarecedor :/","Talvez fazer uma ligação com o código direto no sistema. Como estamos analisando o código-fonte do componente apresentado, poderíamos aumentar o poder de interação com o usuário pelo grafo. O usuário poderia clicar na classe do grafo e pedir pra ver o código. Facilitaria a vida do usuário durante o experimento."
"2018/02/02 3:31:07 PM GMT-3","Luiz","luizmatheus.ac@gmail.com","Agree","Falta legenda para explicar as arestas.","Strongly Agree","Muita clara a representação.","Neutral","É difícil entender quais concerns estão relacionados. A nível de código. Principalmente sem um razoavel conhecimento do software(workflow).","Agree","Poderia informar o que é classe e interface.","Legenda no gráfico.","Legenda no gráfico. "